{
  "name": {
    "firstname": "Castro",
    "lastname": " Starlin"
  },
  "perCode": "944c",
  "email": {
    "email": "scastro@cubs.com",
    "email2": "starlin_castro13@gmail.com"
  },
  "address": {
    "city": "Chicago",
    "state": "IL",
    "country": "USA",
    "zip": "60613",
    "street": "1060 West Addison Street"
  }
}{
  "name": {
    "firstname": "Sampson",
    "lastname": " Brock"
  },
  "perCode": "306a",
  "email": {
    "email": "brock_f_sampson@gmail.com",
    "email2": "bsampson@venture.com"
  },
  "address": {
    "city": "Omaha",
    "state": "NE",
    "country": "USA",
    "zip": "68116",
    "street": "123 N 1st Street"
  }
}{
  "name": {
    "firstname": "McCarthy",
    "lastname": " Miles"
  },
  "perCode": "55bb",
  "email": {
    "email": "mccarthy@ds9.com",
    "email2": "mccarthy@enterprise.gov"
  },
  "address": {
    "city": "Dallas",
    "state": "TX",
    "country": "USA",
    "zip": "75001",
    "street": "8753 West 3rd Ave."
  }
}{
  "name": {
    "firstname": "Spalding",
    "lastname": " Jeff"
  },
  "perCode": "2342",
  "email": {
    "email": " "
  },
  "address": {
    "city": "Ottawa",
    "state": "ON",
    "country": "Canada",
    "zip": "K1A 0G9",
    "street": "123 Friendly Street"
  }
}{
  "name": {
    "firstname": "Gekko",
    "lastname": " Gordon"
  },
  "perCode": "aef1",
  "email": {
    "email": " "
  },
  "address": {
    "city": "New York",
    "state": "NY",
    "country": "USA",
    "zip": "10005-0012",
    "street": "1 Wall Street"
  }
}{
  "name": {
    "firstname": "Fox",
    "lastname": " Bud"
  },
  "perCode": "321f",
  "email": {
    "email": "bfox@gmail.com",
    "email2": "csheen@crazy.net"
  },
  "address": {
    "city": "New York",
    "state": "NY",
    "country": "USA",
    "zip": "10004",
    "street": "321 Bronx Street"
  }
}{
  "name": {
    "firstname": "Sveum",
    "lastname": " Dale"
  },
  "perCode": "ma12",
  "email": {
    "email": "sveum@cubs.com"
  },
  "address": {
    "city": "Chicago",
    "state": "IL",
    "country": "USA",
    "zip": "60613",
    "street": "1060 West Addison Street"
  }
}{
  "name": {
    "firstname": "Hartnell",
    "lastname": " William"
  },
  "perCode": "321nd",
  "email": {
    "email": "whartnell@doctors.com",
    "email2": "dr@who.com"
  },
  "address": {
    "city": "Chicago",
    "state": "IL",
    "country": "USA",
    "zip": "60613",
    "street": "1060 West Addison Street"
  }
}{
  "name": {
    "firstname": "Troughton",
    "lastname": " Patrick"
  },
  "perCode": "nf32a",
  "email": {
    "email": "ptroug@cse.unl.edu",
    "email2": "ptrou32@unl.edu"
  },
  "address": {
    "city": "Chicago",
    "state": "IL",
    "country": "USA",
    "zip": "60613",
    "street": "1060 West Addison Street"
  }
}{
  "name": {
    "firstname": "Pertwee",
    "lastname": " Jon"
  },
  "perCode": "321na",
  "email": {
    "email": "jpet@whofan.com"
  },
  "address": {
    "city": " Toronto",
    "state": " ON",
    "country": " Canada",
    "zip": " M5V 2T6",
    "street": "301 Front St W"
  }
}{
  "name": {
    "firstname": "Baker",
    "lastname": "Tom"
  },
  "perCode": "231",
  "email": {
    "email": "famousdoc@who.com",
    "email2": "tbaker@cse.unl.edu",
    "email3": "mostfamous@whovian.com",
    "email4": "thedoctor@bbc.com"
  },
  "address": {
    "city": " Toronto",
    "state": " ON",
    "country": " Canada",
    "zip": " M5V 1J1",
    "street": "1 Blue Jays Way"
  }
}{
  "name": {
    "firstname": "Hurndall",
    "lastname": " Richard"
  },
  "perCode": "6doc",
  "email": {
    "email": "rhurndall@cse.unl.edu",
    "email2": "richard@unl.edu"
  },
  "address": {
    "city": "Mexico City",
    "state": " FD",
    "country": " Mexico",
    "zip": "",
    "street": "Campos El290"
  }
}{
  "name": {
    "firstname": "Baker",
    "lastname": " C."
  },
  "perCode": "321dr",
  "email": {
    "email": "dr@baker.com"
  },
  "address": {
    "city": "Lincoln",
    "state": "NE",
    "country": "USA",
    "zip": "68503",
    "street": "Avery Hall"
  }
}{
  "name": {
    "firstname": "McCoy",
    "lastname": "Sylvester"
  },
  "perCode": "1svndr",
  "email": {
    "email": "slyguy@hotmail.com",
    "email2": "mccoy@whofan.com"
  },
  "address": {
    "city": " Flushing",
    "state": " NY",
    "country": "USA",
    "zip": "11368",
    "street": "126-01 Roosevelt Ave"
  }
}{
  "name": {
    "firstname": "McGann",
    "lastname": " Paul"
  },
  "perCode": "123lst",
  "email": {
    "email": "pmcgann@mlb.com",
    "email2": "foo@bar.com",
    "email3": "pmc@unl.edu"
  },
  "address": {
    "city": " East Rutherford",
    "state": " NJ",
    "country": "USA",
    "zip": "07073",
    "street": "1 MetLife Stadium Dr"
  }
}{
  "name": {
    "firstname": "Eccleston",
    "lastname": " Chris"
  },
  "perCode": "nwdoc1",
  "email": {
    "email": "newguy@whovian.com"
  },
  "address": {
    "city": " Bronx",
    "state": " NY",
    "country": "USA",
    "zip": "10451",
    "street": "1 E 161st St"
  }
}{
  "name": {
    "firstname": "Tennant",
    "lastname": " David"
  },
  "perCode": "2ndbestd",
  "email": {
    "email": "actor@shakespeare.com",
    "email2": "tdavid@unl.edu"
  },
  "address": {
    "city": " Chicago",
    "state": " IL",
    "country": "USA",
    "zip": " 60611",
    "street": "700 E Grand Ave"
  }
}{
  "name": {
    "firstname": "Smith",
    "lastname": " Matt"
  },
  "perCode": "wrddoc",
  "email": {
    "email": "msmith@who.com",
    "email2": "thedoc@cse.unl.edu"
  },
  "address": {
    "city": " Chicago",
    "state": " IL",
    "country": "USA",
    "zip": "60616",
    "street": "333 W 35th St"
  }
}{
  "name": {
    "firstname": "Ehrmantraut",
    "lastname": " Kaylee"
  },
  "perCode": "bbchar",
  "email": {
    "email": " "
  },
  "address": {
    "city": " Albuquerque",
    "state": " NM",
    "country": "USA",
    "zip": " 87105",
    "street": "800 West 7th Street"
  }
}{
  "name": {
    "firstname": "Davison",
    "lastname": " Peter"
  },
  "perCode": "doc05",
  "email": {
    "email": " "
  },
  "address": {
    "city": " Los Cabos",
    "state": " BCS",
    "country": " Mexico",
    "zip": "11111",
    "street": "123 Cabo San Lucas"
  }
}