<?xml version="1.0" encoding="UTF-8" ?>
<Person>
  <name>
    <firstname>Castro</firstname>
    <lastname> Starlin</lastname>
  </name>
  <perCode>944c</perCode>
  <email>
    <email>scastro@cubs.com</email>
    <email2>starlin_castro13@gmail.com</email2>
  </email>
  <address>
    <city>Chicago</city>
    <state>IL</state>
    <country>USA</country>
    <zip>60613</zip>
    <street>1060 West Addison Street</street>
  </address>
</Person><Person>
  <name>
    <firstname>Sampson</firstname>
    <lastname> Brock</lastname>
  </name>
  <perCode>306a</perCode>
  <email>
    <email>brock_f_sampson@gmail.com</email>
    <email2>bsampson@venture.com</email2>
  </email>
  <address>
    <city>Omaha</city>
    <state>NE</state>
    <country>USA</country>
    <zip>68116</zip>
    <street>123 N 1st Street</street>
  </address>
</Person><Person>
  <name>
    <firstname>McCarthy</firstname>
    <lastname> Miles</lastname>
  </name>
  <perCode>55bb</perCode>
  <email>
    <email>mccarthy@ds9.com</email>
    <email2>mccarthy@enterprise.gov</email2>
  </email>
  <address>
    <city>Dallas</city>
    <state>TX</state>
    <country>USA</country>
    <zip>75001</zip>
    <street>8753 West 3rd Ave.</street>
  </address>
</Person><Person>
  <name>
    <firstname>Spalding</firstname>
    <lastname> Jeff</lastname>
  </name>
  <perCode>2342</perCode>
  <email>
    <email> </email>
  </email>
  <address>
    <city>Ottawa</city>
    <state>ON</state>
    <country>Canada</country>
    <zip>K1A 0G9</zip>
    <street>123 Friendly Street</street>
  </address>
</Person><Person>
  <name>
    <firstname>Gekko</firstname>
    <lastname> Gordon</lastname>
  </name>
  <perCode>aef1</perCode>
  <email>
    <email> </email>
  </email>
  <address>
    <city>New York</city>
    <state>NY</state>
    <country>USA</country>
    <zip>10005-0012</zip>
    <street>1 Wall Street</street>
  </address>
</Person><Person>
  <name>
    <firstname>Fox</firstname>
    <lastname> Bud</lastname>
  </name>
  <perCode>321f</perCode>
  <email>
    <email>bfox@gmail.com</email>
    <email2>csheen@crazy.net</email2>
  </email>
  <address>
    <city>New York</city>
    <state>NY</state>
    <country>USA</country>
    <zip>10004</zip>
    <street>321 Bronx Street</street>
  </address>
</Person><Person>
  <name>
    <firstname>Sveum</firstname>
    <lastname> Dale</lastname>
  </name>
  <perCode>ma12</perCode>
  <email>
    <email>sveum@cubs.com</email>
  </email>
  <address>
    <city>Chicago</city>
    <state>IL</state>
    <country>USA</country>
    <zip>60613</zip>
    <street>1060 West Addison Street</street>
  </address>
</Person><Person>
  <name>
    <firstname>Hartnell</firstname>
    <lastname> William</lastname>
  </name>
  <perCode>321nd</perCode>
  <email>
    <email>whartnell@doctors.com</email>
    <email2>dr@who.com</email2>
  </email>
  <address>
    <city>Chicago</city>
    <state>IL</state>
    <country>USA</country>
    <zip>60613</zip>
    <street>1060 West Addison Street</street>
  </address>
</Person><Person>
  <name>
    <firstname>Troughton</firstname>
    <lastname> Patrick</lastname>
  </name>
  <perCode>nf32a</perCode>
  <email>
    <email>ptroug@cse.unl.edu</email>
    <email2>ptrou32@unl.edu</email2>
  </email>
  <address>
    <city>Chicago</city>
    <state>IL</state>
    <country>USA</country>
    <zip>60613</zip>
    <street>1060 West Addison Street</street>
  </address>
</Person><Person>
  <name>
    <firstname>Pertwee</firstname>
    <lastname> Jon</lastname>
  </name>
  <perCode>321na</perCode>
  <email>
    <email>jpet@whofan.com</email>
  </email>
  <address>
    <city> Toronto</city>
    <state> ON</state>
    <country> Canada</country>
    <zip> M5V 2T6</zip>
    <street>301 Front St W</street>
  </address>
</Person><Person>
  <name>
    <firstname>Baker</firstname>
    <lastname>Tom</lastname>
  </name>
  <perCode>231</perCode>
  <email>
    <email>famousdoc@who.com</email>
    <email2>tbaker@cse.unl.edu</email2>
    <email3>mostfamous@whovian.com</email3>
    <email4>thedoctor@bbc.com</email4>
  </email>
  <address>
    <city> Toronto</city>
    <state> ON</state>
    <country> Canada</country>
    <zip> M5V 1J1</zip>
    <street>1 Blue Jays Way</street>
  </address>
</Person><Person>
  <name>
    <firstname>Hurndall</firstname>
    <lastname> Richard</lastname>
  </name>
  <perCode>6doc</perCode>
  <email>
    <email>rhurndall@cse.unl.edu</email>
    <email2>richard@unl.edu</email2>
  </email>
  <address>
    <city>Mexico City</city>
    <state> FD</state>
    <country> Mexico</country>
    <zip></zip>
    <street>Campos El290</street>
  </address>
</Person><Person>
  <name>
    <firstname>Baker</firstname>
    <lastname> C.</lastname>
  </name>
  <perCode>321dr</perCode>
  <email>
    <email>dr@baker.com</email>
  </email>
  <address>
    <city>Lincoln</city>
    <state>NE</state>
    <country>USA</country>
    <zip>68503</zip>
    <street>Avery Hall</street>
  </address>
</Person><Person>
  <name>
    <firstname>McCoy</firstname>
    <lastname>Sylvester</lastname>
  </name>
  <perCode>1svndr</perCode>
  <email>
    <email>slyguy@hotmail.com</email>
    <email2>mccoy@whofan.com</email2>
  </email>
  <address>
    <city> Flushing</city>
    <state> NY</state>
    <country>USA</country>
    <zip>11368</zip>
    <street>126-01 Roosevelt Ave</street>
  </address>
</Person><Person>
  <name>
    <firstname>McGann</firstname>
    <lastname> Paul</lastname>
  </name>
  <perCode>123lst</perCode>
  <email>
    <email>pmcgann@mlb.com</email>
    <email2>foo@bar.com</email2>
    <email3>pmc@unl.edu</email3>
  </email>
  <address>
    <city> East Rutherford</city>
    <state> NJ</state>
    <country>USA</country>
    <zip>07073</zip>
    <street>1 MetLife Stadium Dr</street>
  </address>
</Person><Person>
  <name>
    <firstname>Eccleston</firstname>
    <lastname> Chris</lastname>
  </name>
  <perCode>nwdoc1</perCode>
  <email>
    <email>newguy@whovian.com</email>
  </email>
  <address>
    <city> Bronx</city>
    <state> NY</state>
    <country>USA</country>
    <zip>10451</zip>
    <street>1 E 161st St</street>
  </address>
</Person><Person>
  <name>
    <firstname>Tennant</firstname>
    <lastname> David</lastname>
  </name>
  <perCode>2ndbestd</perCode>
  <email>
    <email>actor@shakespeare.com</email>
    <email2>tdavid@unl.edu</email2>
  </email>
  <address>
    <city> Chicago</city>
    <state> IL</state>
    <country>USA</country>
    <zip> 60611</zip>
    <street>700 E Grand Ave</street>
  </address>
</Person><Person>
  <name>
    <firstname>Smith</firstname>
    <lastname> Matt</lastname>
  </name>
  <perCode>wrddoc</perCode>
  <email>
    <email>msmith@who.com</email>
    <email2>thedoc@cse.unl.edu</email2>
  </email>
  <address>
    <city> Chicago</city>
    <state> IL</state>
    <country>USA</country>
    <zip>60616</zip>
    <street>333 W 35th St</street>
  </address>
</Person><Person>
  <name>
    <firstname>Ehrmantraut</firstname>
    <lastname> Kaylee</lastname>
  </name>
  <perCode>bbchar</perCode>
  <email>
    <email> </email>
  </email>
  <address>
    <city> Albuquerque</city>
    <state> NM</state>
    <country>USA</country>
    <zip> 87105</zip>
    <street>800 West 7th Street</street>
  </address>
</Person><Person>
  <name>
    <firstname>Davison</firstname>
    <lastname> Peter</lastname>
  </name>
  <perCode>doc05</perCode>
  <email>
    <email> </email>
  </email>
  <address>
    <city> Los Cabos</city>
    <state> BCS</state>
    <country> Mexico</country>
    <zip>11111</zip>
    <street>123 Cabo San Lucas</street>
  </address>
</Person>